"DESCRIPTION","DURATION IN MS","NAME","PARENT SUITE","START TIME","STATUS","STOP TIME","SUB SUITE","SUITE","TEST CLASS","TEST METHOD"
"","24","Policy is accepted Managed Legal Entity BPNL","","Mon Oct 27 03:55:52 GMT 2025","passed","Mon Oct 27 03:55:52 GMT 2025","","org.eclipse.tractusx.edc.tests.policy.PolicyDefinitionEndToEndTest","org.eclipse.tractusx.edc.tests.policy.PolicyDefinitionEndToEndTest","shouldNotAcceptInvalidNamespacePolicyDefinitions"
"","1","verifyCorrectParticipantAgentId_forDsp2025(DataspaceProfileContextRegistry)","","Mon Oct 27 03:57:16 GMT 2025","passed","Mon Oct 27 03:57:16 GMT 2025","","org.eclipse.tractusx.edc.tests.transfer.IdentityExtractionTest","org.eclipse.tractusx.edc.tests.transfer.IdentityExtractionTest","verifyCorrectParticipantAgentId_forDsp2025"
"","6006","transferData_unsuccessful_notReturnOriginalSourceResponseCode_withTerminate()","","Mon Oct 27 03:57:59 GMT 2025","passed","Mon Oct 27 03:58:05 GMT 2025","","org.eclipse.tractusx.edc.tests.transfer.TransferPullEndToEndTest.Dsp2025to2025","org.eclipse.tractusx.edc.tests.transfer.TransferPullEndToEndTest$Dsp2025to2025","transferData_unsuccessful_notReturnOriginalSourceResponseCode_withTerminate"
"","3546","Contract policy is fulfilled MembershipCredential","","Mon Oct 27 03:57:42 GMT 2025","passed","Mon Oct 27 03:57:45 GMT 2025","","org.eclipse.tractusx.edc.tests.transfer.StsConsumerPullTest","org.eclipse.tractusx.edc.tests.transfer.StsConsumerPullTest","transferData_whenContractPolicyFulfilled"
"","8345","transferData_withExpiredEdr_shouldReturn4xx()","","Mon Oct 27 04:01:38 GMT 2025","passed","Mon Oct 27 04:01:46 GMT 2025","","org.eclipse.tractusx.edc.tests.transfer.TransferWithTokenRefreshTest","org.eclipse.tractusx.edc.tests.transfer.TransferWithTokenRefreshTest","transferData_withExpiredEdr_shouldReturn4xx"
"","221","Verify that the consumer receives only the offers he is permitted to (using the legacy BPN validation)","","Mon Oct 27 03:56:08 GMT 2025","passed","Mon Oct 27 03:56:09 GMT 2025","","org.eclipse.tractusx.edc.tests.catalog.CatalogTest","org.eclipse.tractusx.edc.tests.catalog.CatalogTest","requestCatalog_filteredByBpnLegacy_shouldReject"
"","60","Policy is accepted Version Changes","","Mon Oct 27 03:55:50 GMT 2025","passed","Mon Oct 27 03:55:50 GMT 2025","","org.eclipse.tractusx.edc.tests.policy.PolicyDefinitionEndToEndTest","org.eclipse.tractusx.edc.tests.policy.PolicyDefinitionEndToEndTest","shouldAcceptValidPolicyDefinitions"
"","1663","Policy is accepted MembershipCredential","","Mon Oct 27 03:55:48 GMT 2025","passed","Mon Oct 27 03:55:49 GMT 2025","","org.eclipse.tractusx.edc.tests.policy.PolicyDefinitionEndToEndTest","org.eclipse.tractusx.edc.tests.policy.PolicyDefinitionEndToEndTest","shouldAcceptValidPolicyDefinitions"
"","181","Expect the Catalog request to fail if a credential is expired","","Mon Oct 27 03:56:58 GMT 2025","passed","Mon Oct 27 03:56:58 GMT 2025","","org.eclipse.tractusx.edc.tests.transfer.DimConsumerPullTest","org.eclipse.tractusx.edc.tests.transfer.DimConsumerPullTest","catalogRequest_whenCredentialExpired"
"","37","Policy is accepted Access policy with empty permission","","Mon Oct 27 03:55:51 GMT 2025","passed","Mon Oct 27 03:55:51 GMT 2025","","org.eclipse.tractusx.edc.tests.policy.PolicyDefinitionEndToEndTest","org.eclipse.tractusx.edc.tests.policy.PolicyDefinitionEndToEndTest","shouldAcceptValidPolicyDefinitions"
"","22","Policy is accepted Liability","","Mon Oct 27 03:55:52 GMT 2025","passed","Mon Oct 27 03:55:52 GMT 2025","","org.eclipse.tractusx.edc.tests.policy.PolicyDefinitionEndToEndTest","org.eclipse.tractusx.edc.tests.policy.PolicyDefinitionEndToEndTest","shouldNotAcceptInvalidNamespacePolicyDefinitions"
"","6470","httpPushDataTransfer()","","Mon Oct 27 04:00:52 GMT 2025","passed","Mon Oct 27 04:00:58 GMT 2025","","org.eclipse.tractusx.edc.tests.transfer.TransferPushEndToEndTest.Dsp08to08","org.eclipse.tractusx.edc.tests.transfer.TransferPushEndToEndTest$Dsp08to08","httpPushDataTransfer"
"","3173","transferData_privateBackend_withConsumerDataPlane()","","Mon Oct 27 03:56:54 GMT 2025","passed","Mon Oct 27 03:56:57 GMT 2025","","org.eclipse.tractusx.edc.tests.transfer.DimConsumerPullTest","org.eclipse.tractusx.edc.tests.transfer.DimConsumerPullTest","transferData_privateBackend_withConsumerDataPlane"
"","15840","Malicious actor should not impersonate a consumer by creating a VP with the consumer membership credential","","Mon Oct 27 03:56:03 GMT 2025","passed","Mon Oct 27 03:56:19 GMT 2025","","org.eclipse.tractusx.edc.tests.transfer.CredentialSpoofTest","org.eclipse.tractusx.edc.tests.transfer.CredentialSpoofTest","shouldNotImpersonateConsumer_withWrappedConsumerCredential"
"","11381","azureBlobPush_withoutDestFolder()","","Mon Oct 27 03:56:02 GMT 2025","passed","Mon Oct 27 03:56:13 GMT 2025","","org.eclipse.tractusx.edc.tests.transfer.AzureToAzureEndToEndTest","org.eclipse.tractusx.edc.tests.transfer.AzureToAzureEndToEndTest","azureBlobPush_withoutDestFolder"
"","11122","shouldTransferOneGbFile()","","Mon Oct 27 03:56:31 GMT 2025","passed","Mon Oct 27 03:56:42 GMT 2025","","org.eclipse.tractusx.edc.dataplane.transfer.test.S3ToS3Test","org.eclipse.tractusx.edc.dataplane.transfer.test.S3ToS3Test","shouldTransferOneGbFile"
"","194","4.3.3 Verify invalid access token - jti","","Mon Oct 27 03:55:13 GMT 2025","passed","Mon Oct 27 03:55:14 GMT 2025","","org.eclipse.dataspacetck.dcp.verification.presentation.verifier.PresentationFlowSection4Test","org.eclipse.dataspacetck.dcp.verification.presentation.verifier.PresentationFlowSection4Test","verifier_04_03_03_idTokenJtiUsedTwice"
"","81","Policy is not accepted Usage policy with empty permission","","Mon Oct 27 03:55:51 GMT 2025","passed","Mon Oct 27 03:55:51 GMT 2025","","org.eclipse.tractusx.edc.tests.policy.PolicyDefinitionEndToEndTest","org.eclipse.tractusx.edc.tests.policy.PolicyDefinitionEndToEndTest","shouldNotAcceptInvalidPolicyDefinitions"
"","4049","transferData_success_withProxyOriginalResponse()","","Mon Oct 27 03:59:38 GMT 2025","passed","Mon Oct 27 03:59:43 GMT 2025","","org.eclipse.tractusx.edc.tests.transfer.TransferPullEndToEndTest.Dsp08to08","org.eclipse.tractusx.edc.tests.transfer.TransferPullEndToEndTest$Dsp08to08","transferData_success_withProxyOriginalResponse"
"","127","shouldFail_whenDestinationBucketDoesNotExist()","","Mon Oct 27 03:56:30 GMT 2025","passed","Mon Oct 27 03:56:31 GMT 2025","","org.eclipse.tractusx.edc.dataplane.transfer.test.S3ToS3Test","org.eclipse.tractusx.edc.dataplane.transfer.test.S3ToS3Test","shouldFail_whenDestinationBucketDoesNotExist"
"","3083","transferData_success_withProxyOriginalResponse()","","Mon Oct 27 03:58:26 GMT 2025","passed","Mon Oct 27 03:58:29 GMT 2025","","org.eclipse.tractusx.edc.tests.transfer.TransferPullEndToEndTest.Dsp2025to2025","org.eclipse.tractusx.edc.tests.transfer.TransferPullEndToEndTest$Dsp2025to2025","transferData_success_withProxyOriginalResponse"
"","2161","transferFile_success()","","Mon Oct 27 03:56:28 GMT 2025","passed","Mon Oct 27 03:56:30 GMT 2025","","org.eclipse.tractusx.edc.dataplane.transfer.test.S3ToS3Test","org.eclipse.tractusx.edc.dataplane.transfer.test.S3ToS3Test","transferFile_success"
"","4","verifyAgentId_whenNoMembershipCredential_forDsp08(DataspaceProfileContextRegistry)","","Mon Oct 27 03:57:16 GMT 2025","passed","Mon Oct 27 03:57:16 GMT 2025","","org.eclipse.tractusx.edc.tests.transfer.IdentityExtractionTest","org.eclipse.tractusx.edc.tests.transfer.IdentityExtractionTest","verifyAgentId_whenNoMembershipCredential_forDsp08"
"","36","Policy is accepted MembershipCredential","","Mon Oct 27 03:55:51 GMT 2025","passed","Mon Oct 27 03:55:51 GMT 2025","","org.eclipse.tractusx.edc.tests.policy.PolicyDefinitionEndToEndTest","org.eclipse.tractusx.edc.tests.policy.PolicyDefinitionEndToEndTest","shouldNotAcceptInvalidNamespacePolicyDefinitions"
"","23","Policy is accepted Warranty","","Mon Oct 27 03:55:52 GMT 2025","passed","Mon Oct 27 03:55:52 GMT 2025","","org.eclipse.tractusx.edc.tests.policy.PolicyDefinitionEndToEndTest","org.eclipse.tractusx.edc.tests.policy.PolicyDefinitionEndToEndTest","shouldNotAcceptInvalidNamespacePolicyDefinitions"
"","25","Policy is not accepted Policy with unknown actions types","","Mon Oct 27 03:55:51 GMT 2025","passed","Mon Oct 27 03:55:51 GMT 2025","","org.eclipse.tractusx.edc.tests.policy.PolicyDefinitionEndToEndTest","org.eclipse.tractusx.edc.tests.policy.PolicyDefinitionEndToEndTest","shouldNotAcceptInvalidPolicyDefinitions"
"","31","5.4.2.3 Verifier should reject an empty 'presentation' array","","Mon Oct 27 03:55:14 GMT 2025","passed","Mon Oct 27 03:55:14 GMT 2025","","org.eclipse.dataspacetck.dcp.verification.presentation.verifier.PresentationFlowSection5Test","org.eclipse.dataspacetck.dcp.verification.presentation.verifier.PresentationFlowSection5Test","verifier_05_04_02_03_presentationResponse_emptyPresentations"
"","339","Consumer gets catalog from the provider. No constraints.","","Mon Oct 27 03:55:29 GMT 2025","passed","Mon Oct 27 03:55:29 GMT 2025","","org.eclipse.tractusx.edc.tests.catalog.CatalogTest","org.eclipse.tractusx.edc.tests.catalog.CatalogTest","requestCatalog_fulfillsPolicy_shouldReturnOffer"
"","3193","transferData_failing_withProxyOriginalResponse_withoutSourceResponseBody()","","Mon Oct 27 03:58:23 GMT 2025","passed","Mon Oct 27 03:58:26 GMT 2025","","org.eclipse.tractusx.edc.tests.transfer.TransferPullEndToEndTest.Dsp2025to2025","org.eclipse.tractusx.edc.tests.transfer.TransferPullEndToEndTest$Dsp2025to2025","transferData_failing_withProxyOriginalResponse_withoutSourceResponseBody"
"","13967","transferFile_largeFile(long, Vault) File size bytes: 1073741824","","Mon Oct 27 03:55:38 GMT 2025","passed","Mon Oct 27 03:55:52 GMT 2025","","org.eclipse.tractusx.edc.dataplane.transfer.test.AzureToAzureTest","org.eclipse.tractusx.edc.dataplane.transfer.test.AzureToAzureTest","transferFile_largeFile"
"","1818","shouldDelegateAuth()","","Mon Oct 27 03:55:53 GMT 2025","passed","Mon Oct 27 03:55:55 GMT 2025","","org.eclipse.tractusx.edc.tests.auth.DelegatedAuthEndToEndTest","org.eclipse.tractusx.edc.tests.auth.DelegatedAuthEndToEndTest","shouldDelegateAuth"
"","461","retireAgreement_shouldFail_whenAgreementDoesNotExist()","","Mon Oct 27 03:57:14 GMT 2025","passed","Mon Oct 27 03:57:14 GMT 2025","","org.eclipse.tractusx.edc.tests.transfer.RetireAgreementTest","org.eclipse.tractusx.edc.tests.transfer.RetireAgreementTest","retireAgreement_shouldFail_whenAgreementDoesNotExist"
"","22","Policy is accepted Data Usage End Duration Days","","Mon Oct 27 03:55:52 GMT 2025","passed","Mon Oct 27 03:55:52 GMT 2025","","org.eclipse.tractusx.edc.tests.policy.PolicyDefinitionEndToEndTest","org.eclipse.tractusx.edc.tests.policy.PolicyDefinitionEndToEndTest","shouldNotAcceptInvalidNamespacePolicyDefinitions"
"","41","Policy is accepted Confidential Information Sharing","","Mon Oct 27 03:55:51 GMT 2025","passed","Mon Oct 27 03:55:51 GMT 2025","","org.eclipse.tractusx.edc.tests.policy.PolicyDefinitionEndToEndTest","org.eclipse.tractusx.edc.tests.policy.PolicyDefinitionEndToEndTest","shouldAcceptValidPolicyDefinitions"
"","27","Policy is not accepted Access policy permission with not allowed constraints","","Mon Oct 27 03:55:51 GMT 2025","passed","Mon Oct 27 03:55:51 GMT 2025","","org.eclipse.tractusx.edc.tests.policy.PolicyDefinitionEndToEndTest","org.eclipse.tractusx.edc.tests.policy.PolicyDefinitionEndToEndTest","shouldNotAcceptInvalidPolicyDefinitions"
"","48","Policy is accepted Affiliates Region (IS_ANY_OF, one element)","","Mon Oct 27 03:55:51 GMT 2025","passed","Mon Oct 27 03:55:52 GMT 2025","","org.eclipse.tractusx.edc.tests.policy.PolicyDefinitionEndToEndTest","org.eclipse.tractusx.edc.tests.policy.PolicyDefinitionEndToEndTest","shouldNotAcceptInvalidNamespacePolicyDefinitions"
"","40","Policy is accepted Empty Policy","","Mon Oct 27 03:55:51 GMT 2025","passed","Mon Oct 27 03:55:51 GMT 2025","","org.eclipse.tractusx.edc.tests.policy.PolicyDefinitionEndToEndTest","org.eclipse.tractusx.edc.tests.policy.PolicyDefinitionEndToEndTest","shouldAcceptValidPolicyDefinitions"
"","28","Policy is accepted Contract reference","","Mon Oct 27 03:55:52 GMT 2025","passed","Mon Oct 27 03:55:52 GMT 2025","","org.eclipse.tractusx.edc.tests.policy.PolicyDefinitionEndToEndTest","org.eclipse.tractusx.edc.tests.policy.PolicyDefinitionEndToEndTest","shouldNotAcceptInvalidNamespacePolicyDefinitions"
"","2048","transferFolder_targetFolderNotExists_shouldCreate(Vault)","","Mon Oct 27 03:55:56 GMT 2025","passed","Mon Oct 27 03:55:58 GMT 2025","","org.eclipse.tractusx.edc.dataplane.transfer.test.AzureToAzureTest","org.eclipse.tractusx.edc.dataplane.transfer.test.AzureToAzureTest","transferFolder_targetFolderNotExists_shouldCreate"
"","2083","transferFile_s3ToAzureMultipleFiles_whenConsumerDefinesBloblName_success(Vault)","","Mon Oct 27 03:56:13 GMT 2025","passed","Mon Oct 27 03:56:15 GMT 2025","","org.eclipse.tractusx.edc.dataplane.transfer.test.MultiCloudTest","org.eclipse.tractusx.edc.dataplane.transfer.test.MultiCloudTest","transferFile_s3ToAzureMultipleFiles_whenConsumerDefinesBloblName_success"
"","77","Policy is accepted Affiliates Region","","Mon Oct 27 03:55:49 GMT 2025","passed","Mon Oct 27 03:55:50 GMT 2025","","org.eclipse.tractusx.edc.tests.policy.PolicyDefinitionEndToEndTest","org.eclipse.tractusx.edc.tests.policy.PolicyDefinitionEndToEndTest","shouldAcceptValidPolicyDefinitions"
"","162","triggerDataTransfer_shouldFail_whenDataFlowIsFinite()","","Mon Oct 27 03:56:51 GMT 2025","passed","Mon Oct 27 03:56:51 GMT 2025","","org.eclipse.tractusx.edc.tests.transfer.DataFlowApiEndToEndTest","org.eclipse.tractusx.edc.tests.transfer.DataFlowApiEndToEndTest","triggerDataTransfer_shouldFail_whenDataFlowIsFinite"
"","45","4.3.1 Verifier should reject an ID token that does not contain an access token","","Mon Oct 27 03:55:13 GMT 2025","passed","Mon Oct 27 03:55:13 GMT 2025","","org.eclipse.dataspacetck.dcp.verification.presentation.verifier.PresentationFlowSection4Test","org.eclipse.dataspacetck.dcp.verification.presentation.verifier.PresentationFlowSection4Test","verifier_04_03_01_presentationResponse_idTokenNoTokenClaim"
"","25","Policy is accepted Jurisdiction Location","","Mon Oct 27 03:55:52 GMT 2025","passed","Mon Oct 27 03:55:52 GMT 2025","","org.eclipse.tractusx.edc.tests.policy.PolicyDefinitionEndToEndTest","org.eclipse.tractusx.edc.tests.policy.PolicyDefinitionEndToEndTest","shouldNotAcceptInvalidNamespacePolicyDefinitions"
"","942","refreshEdr()","","Mon Oct 27 03:55:24 GMT 2025","passed","Mon Oct 27 03:55:25 GMT 2025","","org.eclipse.tractusx.edc.tests.edrv2.EdrCacheApiEndToEndTest","org.eclipse.tractusx.edc.tests.edrv2.EdrCacheApiEndToEndTest","refreshEdr"
"","50","Policy is accepted Warranty Duration Months","","Mon Oct 27 03:55:51 GMT 2025","passed","Mon Oct 27 03:55:51 GMT 2025","","org.eclipse.tractusx.edc.tests.policy.PolicyDefinitionEndToEndTest","org.eclipse.tractusx.edc.tests.policy.PolicyDefinitionEndToEndTest","shouldAcceptValidPolicyDefinitions"
"","5373","transferData_privateBackend()","","Mon Oct 27 03:57:42 GMT 2025","passed","Mon Oct 27 03:57:47 GMT 2025","","org.eclipse.tractusx.edc.tests.transfer.TransferPullEndToEndTest.Dsp2025to2025","org.eclipse.tractusx.edc.tests.transfer.TransferPullEndToEndTest$Dsp2025to2025","transferData_privateBackend"
"","2575","The Authorization header is missing","","Mon Oct 27 03:55:06 GMT 2025","passed","Mon Oct 27 03:55:09 GMT 2025","","org.eclipse.tractusx.edc.dataplane.tokenrefresh.e2e.DataPlaneTokenRefreshEndToEndTest","org.eclipse.tractusx.edc.dataplane.tokenrefresh.e2e.DataPlaneTokenRefreshEndToEndTest","refresh_missingAuthHeader"
"","1294","Refresh token is null or empty (missing) [1] null","","Mon Oct 27 03:55:10 GMT 2025","passed","Mon Oct 27 03:55:12 GMT 2025","","org.eclipse.tractusx.edc.dataplane.tokenrefresh.e2e.DataPlaneTokenRefreshEndToEndTest","org.eclipse.tractusx.edc.dataplane.tokenrefresh.e2e.DataPlaneTokenRefreshEndToEndTest","refresh_invalidRefreshToken"
"","48","Policy is accepted Jurisdiction Location Reference","","Mon Oct 27 03:55:50 GMT 2025","passed","Mon Oct 27 03:55:50 GMT 2025","","org.eclipse.tractusx.edc.tests.policy.PolicyDefinitionEndToEndTest","org.eclipse.tractusx.edc.tests.policy.PolicyDefinitionEndToEndTest","shouldAcceptValidPolicyDefinitions"
"","18459","transferFile_largeFile(long, Vault) File size bytes: 536870912","","Mon Oct 27 03:55:19 GMT 2025","passed","Mon Oct 27 03:55:38 GMT 2025","","org.eclipse.tractusx.edc.dataplane.transfer.test.AzureToAzureTest","org.eclipse.tractusx.edc.dataplane.transfer.test.AzureToAzureTest","transferFile_largeFile"
"","150","triggerDataTransfer_shouldFail_whenDataFlowIsNotInStartedState()","","Mon Oct 27 03:56:51 GMT 2025","passed","Mon Oct 27 03:56:51 GMT 2025","","org.eclipse.tractusx.edc.tests.transfer.DataFlowApiEndToEndTest","org.eclipse.tractusx.edc.tests.transfer.DataFlowApiEndToEndTest","triggerDataTransfer_shouldFail_whenDataFlowIsNotInStartedState"
"","14245","transferData_withTerminate()","","Mon Oct 27 03:58:09 GMT 2025","passed","Mon Oct 27 03:58:23 GMT 2025","","org.eclipse.tractusx.edc.tests.transfer.TransferPullEndToEndTest.Dsp2025to2025","org.eclipse.tractusx.edc.tests.transfer.TransferPullEndToEndTest$Dsp2025to2025","transferData_withTerminate"
"","315","Provider gets 400 when empty asset selector is used","","Mon Oct 27 03:56:08 GMT 2025","passed","Mon Oct 27 03:56:08 GMT 2025","","org.eclipse.tractusx.edc.tests.validators.EmptyAssetSelectorValidatorTest","org.eclipse.tractusx.edc.tests.validators.EmptyAssetSelectorValidatorTest","shouldFail_whenContractDefinitionHasEmptyAssetSelector"
"","113","X.X Verifier should reject Presentations where at least 1 credential schema is violated","","Mon Oct 27 03:55:14 GMT 2025","passed","Mon Oct 27 03:55:14 GMT 2025","","org.eclipse.dataspacetck.dcp.verification.presentation.verifier.PresentationFlowSection5Test","org.eclipse.dataspacetck.dcp.verification.presentation.verifier.PresentationFlowSection5Test","verifier_x_x_presentationResponse_invalidCredentialSchema"
"","160","Expect the Catalog request to fail if a credential is expired","","Mon Oct 27 03:57:42 GMT 2025","passed","Mon Oct 27 03:57:42 GMT 2025","","org.eclipse.tractusx.edc.tests.transfer.StsConsumerPullTest","org.eclipse.tractusx.edc.tests.transfer.StsConsumerPullTest","catalogRequest_whenCredentialExpired"
"","4081","transferData_failing_withProxyOriginalResponse()","","Mon Oct 27 03:59:15 GMT 2025","passed","Mon Oct 27 03:59:19 GMT 2025","","org.eclipse.tractusx.edc.tests.transfer.TransferPullEndToEndTest.Dsp08to08","org.eclipse.tractusx.edc.tests.transfer.TransferPullEndToEndTest$Dsp08to08","transferData_failing_withProxyOriginalResponse"
"","10191","transferData_withAutomaticRefresh()","","Mon Oct 27 04:01:28 GMT 2025","passed","Mon Oct 27 04:01:38 GMT 2025","","org.eclipse.tractusx.edc.tests.transfer.TransferWithTokenRefreshTest","org.eclipse.tractusx.edc.tests.transfer.TransferWithTokenRefreshTest","transferData_withAutomaticRefresh"
"","75","5.4.3 Verifier should reject Presentations where the holder does not match the credentialSubject.id","","Mon Oct 27 03:55:14 GMT 2025","passed","Mon Oct 27 03:55:14 GMT 2025","","org.eclipse.dataspacetck.dcp.verification.presentation.verifier.PresentationFlowSection5Test","org.eclipse.dataspacetck.dcp.verification.presentation.verifier.PresentationFlowSection5Test","verifier_05_04_03_presentationResponse_holderNotEqualSubjectId"
"","4008","transferData_privateBackend_withConsumerDataPlane()","","Mon Oct 27 03:59:02 GMT 2025","passed","Mon Oct 27 03:59:06 GMT 2025","","org.eclipse.tractusx.edc.tests.transfer.TransferPullEndToEndTest.Dsp08to08","org.eclipse.tractusx.edc.tests.transfer.TransferPullEndToEndTest$Dsp08to08","transferData_privateBackend_withConsumerDataPlane"
"","1277","Refresh token is null or empty (missing) [2] ","","Mon Oct 27 03:55:12 GMT 2025","passed","Mon Oct 27 03:55:13 GMT 2025","","org.eclipse.tractusx.edc.dataplane.tokenrefresh.e2e.DataPlaneTokenRefreshEndToEndTest","org.eclipse.tractusx.edc.dataplane.tokenrefresh.e2e.DataPlaneTokenRefreshEndToEndTest","refresh_invalidRefreshToken"
"","1249","Refresh token success","","Mon Oct 27 03:55:18 GMT 2025","passed","Mon Oct 27 03:55:19 GMT 2025","","org.eclipse.tractusx.edc.dataplane.tokenrefresh.e2e.DataPlaneTokenRefreshEndToEndTest","org.eclipse.tractusx.edc.dataplane.tokenrefresh.e2e.DataPlaneTokenRefreshEndToEndTest","refresh_success"
"","24","Policy is accepted Precedence","","Mon Oct 27 03:55:52 GMT 2025","passed","Mon Oct 27 03:55:52 GMT 2025","","org.eclipse.tractusx.edc.tests.policy.PolicyDefinitionEndToEndTest","org.eclipse.tractusx.edc.tests.policy.PolicyDefinitionEndToEndTest","shouldNotAcceptInvalidNamespacePolicyDefinitions"
"","599","Verify HTTP 403 response when refreshing the token is not allowed","","Mon Oct 27 03:55:25 GMT 2025","passed","Mon Oct 27 03:55:26 GMT 2025","","org.eclipse.tractusx.edc.tests.edrv2.EdrCacheApiEndToEndTest","org.eclipse.tractusx.edc.tests.edrv2.EdrCacheApiEndToEndTest","getEdrWithRefresh_unauthorized"
"","7424","httpPushDataTransfer()","","Mon Oct 27 04:00:13 GMT 2025","passed","Mon Oct 27 04:00:20 GMT 2025","","org.eclipse.tractusx.edc.tests.transfer.TransferPushEndToEndTest.Dsp2025to2025","org.eclipse.tractusx.edc.tests.transfer.TransferPushEndToEndTest$Dsp2025to2025","httpPushDataTransfer"
"","787","triggerDataTransfer_shouldFail_whenDataFlowIsNotPushFlowType()","","Mon Oct 27 03:56:50 GMT 2025","passed","Mon Oct 27 03:56:51 GMT 2025","","org.eclipse.tractusx.edc.tests.transfer.DataFlowApiEndToEndTest","org.eclipse.tractusx.edc.tests.transfer.DataFlowApiEndToEndTest","triggerDataTransfer_shouldFail_whenDataFlowIsNotPushFlowType"
"","2646","transferFile_azureToS3MultipleFiles(Vault)","","Mon Oct 27 03:56:10 GMT 2025","passed","Mon Oct 27 03:56:13 GMT 2025","","org.eclipse.tractusx.edc.dataplane.transfer.test.MultiCloudTest","org.eclipse.tractusx.edc.dataplane.transfer.test.MultiCloudTest","transferFile_azureToS3MultipleFiles"
"","3276","Run TCK Presentation Flow tests","","Mon Oct 27 03:55:11 GMT 2025","passed","Mon Oct 27 03:55:15 GMT 2025","","org.eclipse.tractusx.edc.tests.tck.dcp.DcpPresentationFlowTest","org.eclipse.tractusx.edc.tests.tck.dcp.DcpPresentationFlowTest","runPresentationFlowTests"
"","64","Policy is accepted Jurisdiction Location","","Mon Oct 27 03:55:50 GMT 2025","passed","Mon Oct 27 03:55:50 GMT 2025","","org.eclipse.tractusx.edc.tests.policy.PolicyDefinitionEndToEndTest","org.eclipse.tractusx.edc.tests.policy.PolicyDefinitionEndToEndTest","shouldAcceptValidPolicyDefinitions"
"","24","Policy is accepted Managed Legal Entity Region","","Mon Oct 27 03:55:52 GMT 2025","passed","Mon Oct 27 03:55:52 GMT 2025","","org.eclipse.tractusx.edc.tests.policy.PolicyDefinitionEndToEndTest","org.eclipse.tractusx.edc.tests.policy.PolicyDefinitionEndToEndTest","shouldNotAcceptInvalidNamespacePolicyDefinitions"
"","37","Policy is accepted In force date policy","","Mon Oct 27 03:55:51 GMT 2025","passed","Mon Oct 27 03:55:51 GMT 2025","","org.eclipse.tractusx.edc.tests.policy.PolicyDefinitionEndToEndTest","org.eclipse.tractusx.edc.tests.policy.PolicyDefinitionEndToEndTest","shouldAcceptValidPolicyDefinitions"
"","3984","transferData_privateBackend()","","Mon Oct 27 03:57:34 GMT 2025","passed","Mon Oct 27 03:57:38 GMT 2025","","org.eclipse.tractusx.edc.tests.transfer.StsConsumerPullTest","org.eclipse.tractusx.edc.tests.transfer.StsConsumerPullTest","transferData_privateBackend"
"","1348","The Authorization header is empty","","Mon Oct 27 03:55:09 GMT 2025","passed","Mon Oct 27 03:55:10 GMT 2025","","org.eclipse.tractusx.edc.dataplane.tokenrefresh.e2e.DataPlaneTokenRefreshEndToEndTest","org.eclipse.tractusx.edc.dataplane.tokenrefresh.e2e.DataPlaneTokenRefreshEndToEndTest","refresh_emptyAuthHeader"
"","28","Policy is accepted ContractTermination","","Mon Oct 27 03:55:52 GMT 2025","passed","Mon Oct 27 03:55:52 GMT 2025","","org.eclipse.tractusx.edc.tests.policy.PolicyDefinitionEndToEndTest","org.eclipse.tractusx.edc.tests.policy.PolicyDefinitionEndToEndTest","shouldNotAcceptInvalidNamespacePolicyDefinitions"
"","4681","The authentication token misses required claims: token","","Mon Oct 27 03:55:02 GMT 2025","passed","Mon Oct 27 03:55:06 GMT 2025","","org.eclipse.tractusx.edc.dataplane.tokenrefresh.e2e.DataPlaneTokenRefreshEndToEndTest","org.eclipse.tractusx.edc.dataplane.tokenrefresh.e2e.DataPlaneTokenRefreshEndToEndTest","refresh_invalidAuthenticationToken_missingAccessToken"
"","62","Policy is accepted Affiliates Region (IS_ANY_OF, one element)","","Mon Oct 27 03:55:50 GMT 2025","passed","Mon Oct 27 03:55:50 GMT 2025","","org.eclipse.tractusx.edc.tests.policy.PolicyDefinitionEndToEndTest","org.eclipse.tractusx.edc.tests.policy.PolicyDefinitionEndToEndTest","shouldAcceptValidPolicyDefinitions"
"","41","Policy is accepted Confidential Information Measures","","Mon Oct 27 03:55:51 GMT 2025","passed","Mon Oct 27 03:55:51 GMT 2025","","org.eclipse.tractusx.edc.tests.policy.PolicyDefinitionEndToEndTest","org.eclipse.tractusx.edc.tests.policy.PolicyDefinitionEndToEndTest","shouldAcceptValidPolicyDefinitions"
"","24","Policy is accepted Version Changes","","Mon Oct 27 03:55:52 GMT 2025","passed","Mon Oct 27 03:55:52 GMT 2025","","org.eclipse.tractusx.edc.tests.policy.PolicyDefinitionEndToEndTest","org.eclipse.tractusx.edc.tests.policy.PolicyDefinitionEndToEndTest","shouldNotAcceptInvalidNamespacePolicyDefinitions"
"","27","Verifier should resolve the DID from the prover's ID token","","Mon Oct 27 03:55:14 GMT 2025","passed","Mon Oct 27 03:55:14 GMT 2025","","org.eclipse.dataspacetck.dcp.verification.presentation.verifier.PresentationFlowSection5Test","org.eclipse.dataspacetck.dcp.verification.presentation.verifier.PresentationFlowSection5Test","presentationResponse_endpointDiscovery"
"","12145","httpPushNonFiniteDataTransfer()","","Mon Oct 27 04:00:20 GMT 2025","passed","Mon Oct 27 04:00:32 GMT 2025","","org.eclipse.tractusx.edc.tests.transfer.TransferPushEndToEndTest.Dsp2025to2025","org.eclipse.tractusx.edc.tests.transfer.TransferPushEndToEndTest$Dsp2025to2025","httpPushNonFiniteDataTransfer"
"","4664","transferData_failing_withProxyOriginalResponse_withoutSourceResponseBody()","","Mon Oct 27 03:59:34 GMT 2025","passed","Mon Oct 27 03:59:38 GMT 2025","","org.eclipse.tractusx.edc.tests.transfer.TransferPullEndToEndTest.Dsp08to08","org.eclipse.tractusx.edc.tests.transfer.TransferPullEndToEndTest$Dsp08to08","transferData_failing_withProxyOriginalResponse_withoutSourceResponseBody"
"","27","Policy is not accepted Usage policy prohibition with not allowed constraints","","Mon Oct 27 03:55:51 GMT 2025","passed","Mon Oct 27 03:55:51 GMT 2025","","org.eclipse.tractusx.edc.tests.policy.PolicyDefinitionEndToEndTest","org.eclipse.tractusx.edc.tests.policy.PolicyDefinitionEndToEndTest","shouldNotAcceptInvalidPolicyDefinitions"
"","1286","The authentication token has a invalid id","","Mon Oct 27 03:55:13 GMT 2025","passed","Mon Oct 27 03:55:14 GMT 2025","","org.eclipse.tractusx.edc.dataplane.tokenrefresh.e2e.DataPlaneTokenRefreshEndToEndTest","org.eclipse.tractusx.edc.dataplane.tokenrefresh.e2e.DataPlaneTokenRefreshEndToEndTest","refresh_invalidTokenId"
"","3350","Contract policy is fulfilled MembershipCredential","","Mon Oct 27 03:56:58 GMT 2025","passed","Mon Oct 27 03:57:01 GMT 2025","","org.eclipse.tractusx.edc.tests.transfer.DimConsumerPullTest","org.eclipse.tractusx.edc.tests.transfer.DimConsumerPullTest","transferData_whenContractPolicyFulfilled"
"","51","Policy is accepted Data Frequency","","Mon Oct 27 03:55:50 GMT 2025","passed","Mon Oct 27 03:55:50 GMT 2025","","org.eclipse.tractusx.edc.tests.policy.PolicyDefinitionEndToEndTest","org.eclipse.tractusx.edc.tests.policy.PolicyDefinitionEndToEndTest","shouldAcceptValidPolicyDefinitions"
"","28","Policy is accepted Business Partner Number","","Mon Oct 27 03:55:52 GMT 2025","passed","Mon Oct 27 03:55:52 GMT 2025","","org.eclipse.tractusx.edc.tests.policy.PolicyDefinitionEndToEndTest","org.eclipse.tractusx.edc.tests.policy.PolicyDefinitionEndToEndTest","shouldNotAcceptInvalidNamespacePolicyDefinitions"
"","15197","transferData_withTerminate()","","Mon Oct 27 03:59:19 GMT 2025","passed","Mon Oct 27 03:59:34 GMT 2025","","org.eclipse.tractusx.edc.tests.transfer.TransferPullEndToEndTest.Dsp08to08","org.eclipse.tractusx.edc.tests.transfer.TransferPullEndToEndTest$Dsp08to08","transferData_withTerminate"
"","23","Policy is accepted Usage Purpose","","Mon Oct 27 03:55:52 GMT 2025","passed","Mon Oct 27 03:55:52 GMT 2025","","org.eclipse.tractusx.edc.tests.policy.PolicyDefinitionEndToEndTest","org.eclipse.tractusx.edc.tests.policy.PolicyDefinitionEndToEndTest","shouldNotAcceptInvalidNamespacePolicyDefinitions"
"","63","BusinessPartnerUpdated event is published","","Mon Oct 27 03:55:34 GMT 2025","passed","Mon Oct 27 03:55:35 GMT 2025","","org.eclipse.tractusx.edc.tests.bpn.events.BusinessPartnerEventTest","org.eclipse.tractusx.edc.tests.bpn.events.BusinessPartnerEventTest","shouldPublishBusinessPartnerUpdatedEvent"
"","25","Policy is accepted Warranty Definition","","Mon Oct 27 03:55:52 GMT 2025","passed","Mon Oct 27 03:55:52 GMT 2025","","org.eclipse.tractusx.edc.tests.policy.PolicyDefinitionEndToEndTest","org.eclipse.tractusx.edc.tests.policy.PolicyDefinitionEndToEndTest","shouldNotAcceptInvalidNamespacePolicyDefinitions"
"","52","4.3.3 Verify invalid access token - iss and sub different","","Mon Oct 27 03:55:13 GMT 2025","passed","Mon Oct 27 03:55:13 GMT 2025","","org.eclipse.dataspacetck.dcp.verification.presentation.verifier.PresentationFlowSection4Test","org.eclipse.dataspacetck.dcp.verification.presentation.verifier.PresentationFlowSection4Test","verifier_04_03_03_idTokenInvalidSub"
"","17275","Malicious actor should not impersonate a consumer sending a valid consumer VP","","Mon Oct 27 03:55:46 GMT 2025","passed","Mon Oct 27 03:56:03 GMT 2025","","org.eclipse.tractusx.edc.tests.transfer.CredentialSpoofTest","org.eclipse.tractusx.edc.tests.transfer.CredentialSpoofTest","shouldNotImpersonateConsumer_withConsumerPresentation"
"","33","Policy is accepted Confidential Information Measures","","Mon Oct 27 03:55:52 GMT 2025","passed","Mon Oct 27 03:55:52 GMT 2025","","org.eclipse.tractusx.edc.tests.policy.PolicyDefinitionEndToEndTest","org.eclipse.tractusx.edc.tests.policy.PolicyDefinitionEndToEndTest","shouldNotAcceptInvalidNamespacePolicyDefinitions"
"","3000","transferData_privateBackend_withConsumerDataPlane()","","Mon Oct 27 03:57:38 GMT 2025","passed","Mon Oct 27 03:57:41 GMT 2025","","org.eclipse.tractusx.edc.tests.transfer.StsConsumerPullTest","org.eclipse.tractusx.edc.tests.transfer.StsConsumerPullTest","transferData_privateBackend_withConsumerDataPlane"
"","74","Policy is accepted Data Usage End Date Definition","","Mon Oct 27 03:55:50 GMT 2025","passed","Mon Oct 27 03:55:50 GMT 2025","","org.eclipse.tractusx.edc.tests.policy.PolicyDefinitionEndToEndTest","org.eclipse.tractusx.edc.tests.policy.PolicyDefinitionEndToEndTest","shouldAcceptValidPolicyDefinitions"
"","561","Verify that the consumer receives only the offers he is permitted to (using the legacy BPN validation)","","Mon Oct 27 03:55:28 GMT 2025","passed","Mon Oct 27 03:55:29 GMT 2025","","org.eclipse.tractusx.edc.tests.catalog.CatalogTest","org.eclipse.tractusx.edc.tests.catalog.CatalogTest","requestCatalog_filteredByBpnLegacy_WithNamespace_shouldReject"
"","189","Multiple ContractDefinitions exist for one Asset","","Mon Oct 27 03:56:08 GMT 2025","passed","Mon Oct 27 03:56:08 GMT 2025","","org.eclipse.tractusx.edc.tests.catalog.CatalogTest","org.eclipse.tractusx.edc.tests.catalog.CatalogTest","requestCatalog_multipleOffersForAsset"
"","26","Policy is not accepted Usage policy permission with not allowed constraints","","Mon Oct 27 03:55:51 GMT 2025","passed","Mon Oct 27 03:55:51 GMT 2025","","org.eclipse.tractusx.edc.tests.policy.PolicyDefinitionEndToEndTest","org.eclipse.tractusx.edc.tests.policy.PolicyDefinitionEndToEndTest","shouldNotAcceptInvalidPolicyDefinitions"
"","2522","Verify that the consumer receives only the offers he is permitted to (using the legacy CX policy)","","Mon Oct 27 03:55:26 GMT 2025","passed","Mon Oct 27 03:55:28 GMT 2025","","org.eclipse.tractusx.edc.tests.catalog.CatalogTest","org.eclipse.tractusx.edc.tests.catalog.CatalogTest","requestCatalog_filteredByBpn_UsingLegacyCxPolicy_shouldReject"
"","41","Policy is accepted Business Partner Number","","Mon Oct 27 03:55:51 GMT 2025","passed","Mon Oct 27 03:55:51 GMT 2025","","org.eclipse.tractusx.edc.tests.policy.PolicyDefinitionEndToEndTest","org.eclipse.tractusx.edc.tests.policy.PolicyDefinitionEndToEndTest","shouldAcceptValidPolicyDefinitions"
"","2068","transferMultipleFile_success(Vault)","","Mon Oct 27 03:55:52 GMT 2025","passed","Mon Oct 27 03:55:54 GMT 2025","","org.eclipse.tractusx.edc.dataplane.transfer.test.AzureToAzureTest","org.eclipse.tractusx.edc.dataplane.transfer.test.AzureToAzureTest","transferMultipleFile_success"
"","24","Policy is accepted Liability","","Mon Oct 27 03:55:52 GMT 2025","passed","Mon Oct 27 03:55:52 GMT 2025","","org.eclipse.tractusx.edc.tests.policy.PolicyDefinitionEndToEndTest","org.eclipse.tractusx.edc.tests.policy.PolicyDefinitionEndToEndTest","shouldNotAcceptInvalidNamespacePolicyDefinitions"
"","63","BusinessPartnerDeleted event is published","","Mon Oct 27 03:55:35 GMT 2025","passed","Mon Oct 27 03:55:35 GMT 2025","","org.eclipse.tractusx.edc.tests.bpn.events.BusinessPartnerEventTest","org.eclipse.tractusx.edc.tests.bpn.events.BusinessPartnerEventTest","shouldPublishBusinessPartnerDeletedEvent"
"","24","Policy is accepted Data Usage End Date Definition","","Mon Oct 27 03:55:52 GMT 2025","passed","Mon Oct 27 03:55:52 GMT 2025","","org.eclipse.tractusx.edc.tests.policy.PolicyDefinitionEndToEndTest","org.eclipse.tractusx.edc.tests.policy.PolicyDefinitionEndToEndTest","shouldNotAcceptInvalidNamespacePolicyDefinitions"
"","46","Policy is accepted Liability","","Mon Oct 27 03:55:50 GMT 2025","passed","Mon Oct 27 03:55:50 GMT 2025","","org.eclipse.tractusx.edc.tests.policy.PolicyDefinitionEndToEndTest","org.eclipse.tractusx.edc.tests.policy.PolicyDefinitionEndToEndTest","shouldAcceptValidPolicyDefinitions"
"","4318","transferData_successful_notReturnOriginalSourceResponseCode_withTerminate()","","Mon Oct 27 03:59:49 GMT 2025","passed","Mon Oct 27 03:59:54 GMT 2025","","org.eclipse.tractusx.edc.tests.transfer.TransferPullEndToEndTest.Dsp08to08","org.eclipse.tractusx.edc.tests.transfer.TransferPullEndToEndTest$Dsp08to08","transferData_successful_notReturnOriginalSourceResponseCode_withTerminate"
"","146","5.4.3.6 Verifier should reject Presentations where at least 1 credential is revoked/suspended","","Mon Oct 27 03:55:14 GMT 2025","passed","Mon Oct 27 03:55:14 GMT 2025","","org.eclipse.dataspacetck.dcp.verification.presentation.verifier.PresentationFlowSection5Test","org.eclipse.dataspacetck.dcp.verification.presentation.verifier.PresentationFlowSection5Test","verifier_05_04_03_06_presentationResponse_credentialRevoked"
"","10987","httpPushNonFiniteDataTransfer()","","Mon Oct 27 04:00:58 GMT 2025","passed","Mon Oct 27 04:01:09 GMT 2025","","org.eclipse.tractusx.edc.tests.transfer.TransferPushEndToEndTest.Dsp08to08","org.eclipse.tractusx.edc.tests.transfer.TransferPushEndToEndTest$Dsp08to08","httpPushNonFiniteDataTransfer"
"","62","5.4.2.2 Verifier should accept a presentation response message that contains more credentials than requested","","Mon Oct 27 03:55:14 GMT 2025","passed","Mon Oct 27 03:55:14 GMT 2025","","org.eclipse.dataspacetck.dcp.verification.presentation.verifier.PresentationFlowSection5Test","org.eclipse.dataspacetck.dcp.verification.presentation.verifier.PresentationFlowSection5Test","verifier_05_04_02_02_presentationResponse_tooManyCredentials"
"","4117","transferData_success_withProxyOriginalResponse_withoutSourceResponseBody()","","Mon Oct 27 03:59:06 GMT 2025","passed","Mon Oct 27 03:59:11 GMT 2025","","org.eclipse.tractusx.edc.tests.transfer.TransferPullEndToEndTest.Dsp08to08","org.eclipse.tractusx.edc.tests.transfer.TransferPullEndToEndTest$Dsp08to08","transferData_success_withProxyOriginalResponse_withoutSourceResponseBody"
"","5694","transferData_privateBackend()","","Mon Oct 27 03:56:49 GMT 2025","passed","Mon Oct 27 03:56:54 GMT 2025","","org.eclipse.tractusx.edc.tests.transfer.DimConsumerPullTest","org.eclipse.tractusx.edc.tests.transfer.DimConsumerPullTest","transferData_privateBackend"
"","171","refreshEdr_whenNotFound()","","Mon Oct 27 03:55:25 GMT 2025","passed","Mon Oct 27 03:55:25 GMT 2025","","org.eclipse.tractusx.edc.tests.edrv2.EdrCacheApiEndToEndTest","org.eclipse.tractusx.edc.tests.edrv2.EdrCacheApiEndToEndTest","refreshEdr_whenNotFound"
"","2041","transferFile_s3ToAzure(Vault)","","Mon Oct 27 03:56:15 GMT 2025","passed","Mon Oct 27 03:56:17 GMT 2025","","org.eclipse.tractusx.edc.dataplane.transfer.test.MultiCloudTest","org.eclipse.tractusx.edc.dataplane.transfer.test.MultiCloudTest","transferFile_s3ToAzure"
"","76","Policy is accepted DataExchangeGovernance use case","","Mon Oct 27 03:55:49 GMT 2025","passed","Mon Oct 27 03:55:49 GMT 2025","","org.eclipse.tractusx.edc.tests.policy.PolicyDefinitionEndToEndTest","org.eclipse.tractusx.edc.tests.policy.PolicyDefinitionEndToEndTest","shouldAcceptValidPolicyDefinitions"
"","30","Policy is accepted Exclusive Usage","","Mon Oct 27 03:55:52 GMT 2025","passed","Mon Oct 27 03:55:52 GMT 2025","","org.eclipse.tractusx.edc.tests.policy.PolicyDefinitionEndToEndTest","org.eclipse.tractusx.edc.tests.policy.PolicyDefinitionEndToEndTest","shouldNotAcceptInvalidNamespacePolicyDefinitions"
"","287","Expect the Catalog request to fail if a credential is revoked","","Mon Oct 27 03:57:41 GMT 2025","passed","Mon Oct 27 03:57:42 GMT 2025","","org.eclipse.tractusx.edc.tests.transfer.StsConsumerPullTest","org.eclipse.tractusx.edc.tests.transfer.StsConsumerPullTest","catalogRequest_whenCredentialRevoked"
"","3333","transferData_successful_notReturnOriginalSourceResponseCode_withTerminate()","","Mon Oct 27 03:58:35 GMT 2025","passed","Mon Oct 27 03:58:38 GMT 2025","","org.eclipse.tractusx.edc.tests.transfer.TransferPullEndToEndTest.Dsp2025to2025","org.eclipse.tractusx.edc.tests.transfer.TransferPullEndToEndTest$Dsp2025to2025","transferData_successful_notReturnOriginalSourceResponseCode_withTerminate"
"","239","Verify that the consumer receives only the offers he is permitted to (using the new BPN validation)","","Mon Oct 27 03:56:08 GMT 2025","passed","Mon Oct 27 03:56:08 GMT 2025","","org.eclipse.tractusx.edc.tests.catalog.CatalogTest","org.eclipse.tractusx.edc.tests.catalog.CatalogTest","requestCatalog_filteredByBpn_shouldReject"
"","13060","shouldTerminateTransfer_whenPolicyExpires()","","Mon Oct 27 03:56:14 GMT 2025","passed","Mon Oct 27 03:56:27 GMT 2025","","org.eclipse.tractusx.edc.tests.policy.PolicyMonitorEndToEndTest","org.eclipse.tractusx.edc.tests.policy.PolicyMonitorEndToEndTest","shouldTerminateTransfer_whenPolicyExpires"
"","63","Policy is accepted Warranty Definition","","Mon Oct 27 03:55:50 GMT 2025","passed","Mon Oct 27 03:55:51 GMT 2025","","org.eclipse.tractusx.edc.tests.policy.PolicyDefinitionEndToEndTest","org.eclipse.tractusx.edc.tests.policy.PolicyDefinitionEndToEndTest","shouldAcceptValidPolicyDefinitions"
"","42","Policy is accepted Business Partner Group","","Mon Oct 27 03:55:51 GMT 2025","passed","Mon Oct 27 03:55:51 GMT 2025","","org.eclipse.tractusx.edc.tests.policy.PolicyDefinitionEndToEndTest","org.eclipse.tractusx.edc.tests.policy.PolicyDefinitionEndToEndTest","shouldAcceptValidPolicyDefinitions"
"","74","5.4.3.7 Verifier should reject an expired credential","","Mon Oct 27 03:55:14 GMT 2025","passed","Mon Oct 27 03:55:14 GMT 2025","","org.eclipse.dataspacetck.dcp.verification.presentation.verifier.PresentationFlowSection5Test","org.eclipse.dataspacetck.dcp.verification.presentation.verifier.PresentationFlowSection5Test","verifier_05_04_03_07_presentationResponse_expiredCredential"
"","25","Policy is accepted Confidential Information Sharing","","Mon Oct 27 03:55:52 GMT 2025","passed","Mon Oct 27 03:55:52 GMT 2025","","org.eclipse.tractusx.edc.tests.policy.PolicyDefinitionEndToEndTest","org.eclipse.tractusx.edc.tests.policy.PolicyDefinitionEndToEndTest","shouldNotAcceptInvalidNamespacePolicyDefinitions"
"","3951","transferData_unsuccessful_notReturnOriginalSourceResponseCode_withTerminate()","","Mon Oct 27 03:59:11 GMT 2025","passed","Mon Oct 27 03:59:15 GMT 2025","","org.eclipse.tractusx.edc.tests.transfer.TransferPullEndToEndTest.Dsp08to08","org.eclipse.tractusx.edc.tests.transfer.TransferPullEndToEndTest$Dsp08to08","transferData_unsuccessful_notReturnOriginalSourceResponseCode_withTerminate"
"","55","Policy is accepted Contract reference","","Mon Oct 27 03:55:51 GMT 2025","passed","Mon Oct 27 03:55:51 GMT 2025","","org.eclipse.tractusx.edc.tests.policy.PolicyDefinitionEndToEndTest","org.eclipse.tractusx.edc.tests.policy.PolicyDefinitionEndToEndTest","shouldAcceptValidPolicyDefinitions"
"","5863","transferData_privateBackend_withConsumerDataPlane()","","Mon Oct 27 03:57:47 GMT 2025","passed","Mon Oct 27 03:57:53 GMT 2025","","org.eclipse.tractusx.edc.tests.transfer.TransferPullEndToEndTest.Dsp2025to2025","org.eclipse.tractusx.edc.tests.transfer.TransferPullEndToEndTest$Dsp2025to2025","transferData_privateBackend_withConsumerDataPlane"
"","1287","The authentication token misses required claims: audience","","Mon Oct 27 03:55:17 GMT 2025","passed","Mon Oct 27 03:55:18 GMT 2025","","org.eclipse.tractusx.edc.dataplane.tokenrefresh.e2e.DataPlaneTokenRefreshEndToEndTest","org.eclipse.tractusx.edc.dataplane.tokenrefresh.e2e.DataPlaneTokenRefreshEndToEndTest","refresh_invalidAuthenticationToken_missingAudience"
"","43","Policy is accepted Usage Purpose","","Mon Oct 27 03:55:50 GMT 2025","passed","Mon Oct 27 03:55:50 GMT 2025","","org.eclipse.tractusx.edc.tests.policy.PolicyDefinitionEndToEndTest","org.eclipse.tractusx.edc.tests.policy.PolicyDefinitionEndToEndTest","shouldAcceptValidPolicyDefinitions"
"","4416","transferData_privateBackend()","","Mon Oct 27 03:58:58 GMT 2025","passed","Mon Oct 27 03:59:02 GMT 2025","","org.eclipse.tractusx.edc.tests.transfer.TransferPullEndToEndTest.Dsp08to08","org.eclipse.tractusx.edc.tests.transfer.TransferPullEndToEndTest$Dsp08to08","transferData_privateBackend"
"","1290","The refresh token does not match the stored one","","Mon Oct 27 03:55:14 GMT 2025","passed","Mon Oct 27 03:55:15 GMT 2025","","org.eclipse.tractusx.edc.dataplane.tokenrefresh.e2e.DataPlaneTokenRefreshEndToEndTest","org.eclipse.tractusx.edc.dataplane.tokenrefresh.e2e.DataPlaneTokenRefreshEndToEndTest","refresh_withWrongRefreshToken"
"","45","Policy is accepted Liability","","Mon Oct 27 03:55:50 GMT 2025","passed","Mon Oct 27 03:55:50 GMT 2025","","org.eclipse.tractusx.edc.tests.policy.PolicyDefinitionEndToEndTest","org.eclipse.tractusx.edc.tests.policy.PolicyDefinitionEndToEndTest","shouldAcceptValidPolicyDefinitions"
"","4","verifyCorrectParticipantAgentId_forDsp08(DataspaceProfileContextRegistry)","","Mon Oct 27 03:57:16 GMT 2025","passed","Mon Oct 27 03:57:16 GMT 2025","","org.eclipse.tractusx.edc.tests.transfer.IdentityExtractionTest","org.eclipse.tractusx.edc.tests.transfer.IdentityExtractionTest","verifyCorrectParticipantAgentId_forDsp08"
"","2038","transferFile_targetContainerNotExist_shouldFail(Vault)","","Mon Oct 27 03:55:58 GMT 2025","passed","Mon Oct 27 03:56:00 GMT 2025","","org.eclipse.tractusx.edc.dataplane.transfer.test.AzureToAzureTest","org.eclipse.tractusx.edc.dataplane.transfer.test.AzureToAzureTest","transferFile_targetContainerNotExist_shouldFail"
"","1883","trigger_shouldReturnSuccess_whenAllValidationsSucceed()","","Mon Oct 27 03:56:48 GMT 2025","passed","Mon Oct 27 03:56:50 GMT 2025","","org.eclipse.tractusx.edc.tests.transfer.DataFlowApiEndToEndTest","org.eclipse.tractusx.edc.tests.transfer.DataFlowApiEndToEndTest","trigger_shouldReturnSuccess_whenAllValidationsSucceed"
"","6053","azureBlobPush_withDestFolder()","","Mon Oct 27 03:56:13 GMT 2025","passed","Mon Oct 27 03:56:19 GMT 2025","","org.eclipse.tractusx.edc.tests.transfer.AzureToAzureEndToEndTest","org.eclipse.tractusx.edc.tests.transfer.AzureToAzureEndToEndTest","azureBlobPush_withDestFolder"
"","49","4.3.3 Verify invalid access token - expired","","Mon Oct 27 03:55:13 GMT 2025","passed","Mon Oct 27 03:55:13 GMT 2025","","org.eclipse.dataspacetck.dcp.verification.presentation.verifier.PresentationFlowSection4Test","org.eclipse.dataspacetck.dcp.verification.presentation.verifier.PresentationFlowSection4Test","verifier_04_03_03_idTokenExpired"
"","24","Policy is accepted Warranty Duration Months","","Mon Oct 27 03:55:52 GMT 2025","passed","Mon Oct 27 03:55:52 GMT 2025","","org.eclipse.tractusx.edc.tests.policy.PolicyDefinitionEndToEndTest","org.eclipse.tractusx.edc.tests.policy.PolicyDefinitionEndToEndTest","shouldNotAcceptInvalidNamespacePolicyDefinitions"
"","75","5.4.2.1 Verifier should reject a presentation response message that contains a different credential than requested","","Mon Oct 27 03:55:14 GMT 2025","passed","Mon Oct 27 03:55:14 GMT 2025","","org.eclipse.dataspacetck.dcp.verification.presentation.verifier.PresentationFlowSection5Test","org.eclipse.dataspacetck.dcp.verification.presentation.verifier.PresentationFlowSection5Test","verifier_05_04_02_01_presentationResponse_tooFewCredentials"
"","43","Policy is accepted Managed Legal Entity BPNL","","Mon Oct 27 03:55:50 GMT 2025","passed","Mon Oct 27 03:55:50 GMT 2025","","org.eclipse.tractusx.edc.tests.policy.PolicyDefinitionEndToEndTest","org.eclipse.tractusx.edc.tests.policy.PolicyDefinitionEndToEndTest","shouldAcceptValidPolicyDefinitions"
"","6142","transferData_success_withProxyOriginalResponse_withoutSourceResponseBody()","","Mon Oct 27 03:57:53 GMT 2025","passed","Mon Oct 27 03:57:59 GMT 2025","","org.eclipse.tractusx.edc.tests.transfer.TransferPullEndToEndTest.Dsp2025to2025","org.eclipse.tractusx.edc.tests.transfer.TransferPullEndToEndTest$Dsp2025to2025","transferData_success_withProxyOriginalResponse_withoutSourceResponseBody"
"","74","5.4.2.4 Verifier should reject an a presentation where a requested credential is missing","","Mon Oct 27 03:55:14 GMT 2025","passed","Mon Oct 27 03:55:14 GMT 2025","","org.eclipse.dataspacetck.dcp.verification.presentation.verifier.PresentationFlowSection5Test","org.eclipse.dataspacetck.dcp.verification.presentation.verifier.PresentationFlowSection5Test","verifier_05_04_02_04_presentationResponse_emptyCredentials"
"","49","Policy is accepted Data Usage End Date","","Mon Oct 27 03:55:50 GMT 2025","passed","Mon Oct 27 03:55:50 GMT 2025","","org.eclipse.tractusx.edc.tests.policy.PolicyDefinitionEndToEndTest","org.eclipse.tractusx.edc.tests.policy.PolicyDefinitionEndToEndTest","shouldAcceptValidPolicyDefinitions"
"","3","verifyAgentId_whenNoMembershipCredential_forDsp2025(DataspaceProfileContextRegistry)","","Mon Oct 27 03:57:16 GMT 2025","passed","Mon Oct 27 03:57:16 GMT 2025","","org.eclipse.tractusx.edc.tests.transfer.IdentityExtractionTest","org.eclipse.tractusx.edc.tests.transfer.IdentityExtractionTest","verifyAgentId_whenNoMembershipCredential_forDsp2025"
"","36","4.3.3 Verify invalid access token - sub does not match DID document id","","Mon Oct 27 03:55:14 GMT 2025","passed","Mon Oct 27 03:55:14 GMT 2025","","org.eclipse.dataspacetck.dcp.verification.presentation.verifier.PresentationFlowSection4Test","org.eclipse.dataspacetck.dcp.verification.presentation.verifier.PresentationFlowSection4Test","verifier_04_03_03_idTokenIncorrectSub"
"","2040","transferFile_success(Vault)","","Mon Oct 27 03:55:54 GMT 2025","passed","Mon Oct 27 03:55:56 GMT 2025","","org.eclipse.tractusx.edc.dataplane.transfer.test.AzureToAzureTest","org.eclipse.tractusx.edc.dataplane.transfer.test.AzureToAzureTest","transferFile_success"
"","32","Provider gets 400 when no asset selector is used","","Mon Oct 27 03:56:08 GMT 2025","passed","Mon Oct 27 03:56:08 GMT 2025","","org.eclipse.tractusx.edc.tests.validators.EmptyAssetSelectorValidatorTest","org.eclipse.tractusx.edc.tests.validators.EmptyAssetSelectorValidatorTest","shouldFail_whenContractDefinitionHasNoAssetSelector"
"","189","Verify HTTP 200 response and body when refreshing succeeds","","Mon Oct 27 03:55:32 GMT 2025","passed","Mon Oct 27 03:55:32 GMT 2025","","org.eclipse.tractusx.edc.tests.edrv2.EdrCacheApiEndToEndTest","org.eclipse.tractusx.edc.tests.edrv2.EdrCacheApiEndToEndTest","getEdrWithRefresh_success"
"","34","Policy is accepted DataExchangeGovernance use case","","Mon Oct 27 03:55:51 GMT 2025","passed","Mon Oct 27 03:55:51 GMT 2025","","org.eclipse.tractusx.edc.tests.policy.PolicyDefinitionEndToEndTest","org.eclipse.tractusx.edc.tests.policy.PolicyDefinitionEndToEndTest","shouldNotAcceptInvalidNamespacePolicyDefinitions"
"","50","5.4.3.6 Verifier should reject a credential that is not yet valid","","Mon Oct 27 03:55:14 GMT 2025","passed","Mon Oct 27 03:55:14 GMT 2025","","org.eclipse.dataspacetck.dcp.verification.presentation.verifier.PresentationFlowSection5Test","org.eclipse.dataspacetck.dcp.verification.presentation.verifier.PresentationFlowSection5Test","verifier_05_04_03_06_presentationResponse_notYetValidCredential"
"","347","Expect the Catalog request to fail if a credential is revoked","","Mon Oct 27 03:56:57 GMT 2025","passed","Mon Oct 27 03:56:58 GMT 2025","","org.eclipse.tractusx.edc.tests.transfer.DimConsumerPullTest","org.eclipse.tractusx.edc.tests.transfer.DimConsumerPullTest","catalogRequest_whenCredentialRevoked"
"","10233","transferFile_withBucketCreation_success()","","Mon Oct 27 03:57:26 GMT 2025","passed","Mon Oct 27 03:57:36 GMT 2025","","org.eclipse.tractusx.edc.tests.transfer.S3ToS3EndToEndTest","org.eclipse.tractusx.edc.tests.transfer.S3ToS3EndToEndTest","transferFile_withBucketCreation_success"
"","6167","transferFile_success()","","Mon Oct 27 03:57:36 GMT 2025","passed","Mon Oct 27 03:57:42 GMT 2025","","org.eclipse.tractusx.edc.tests.transfer.S3ToS3EndToEndTest","org.eclipse.tractusx.edc.tests.transfer.S3ToS3EndToEndTest","transferFile_success"
"","5659","Verify that the callbacks are invoked when negotiating an EDR","","Mon Oct 27 03:55:53 GMT 2025","passed","Mon Oct 27 03:55:59 GMT 2025","","org.eclipse.tractusx.edc.tests.edrv2.NegotiateEdrTest","org.eclipse.tractusx.edc.tests.edrv2.NegotiateEdrTest","negotiateEdr_shouldInvokeCallbacks"
"","45","Policy is accepted Managed Legal Entity Region","","Mon Oct 27 03:55:50 GMT 2025","passed","Mon Oct 27 03:55:50 GMT 2025","","org.eclipse.tractusx.edc.tests.policy.PolicyDefinitionEndToEndTest","org.eclipse.tractusx.edc.tests.policy.PolicyDefinitionEndToEndTest","shouldAcceptValidPolicyDefinitions"
"","23","Policy is accepted Jurisdiction Location Reference","","Mon Oct 27 03:55:52 GMT 2025","passed","Mon Oct 27 03:55:52 GMT 2025","","org.eclipse.tractusx.edc.tests.policy.PolicyDefinitionEndToEndTest","org.eclipse.tractusx.edc.tests.policy.PolicyDefinitionEndToEndTest","shouldNotAcceptInvalidNamespacePolicyDefinitions"
"","27","Policy is not accepted Usage policy obligation with not allowed constraints","","Mon Oct 27 03:55:51 GMT 2025","passed","Mon Oct 27 03:55:51 GMT 2025","","org.eclipse.tractusx.edc.tests.policy.PolicyDefinitionEndToEndTest","org.eclipse.tractusx.edc.tests.policy.PolicyDefinitionEndToEndTest","shouldNotAcceptInvalidPolicyDefinitions"
"","54","4.3.3 Verify invalid access token - auth token bound to a different iss/sub","","Mon Oct 27 03:55:13 GMT 2025","passed","Mon Oct 27 03:55:13 GMT 2025","","org.eclipse.dataspacetck.dcp.verification.presentation.verifier.PresentationFlowSection4Test","org.eclipse.dataspacetck.dcp.verification.presentation.verifier.PresentationFlowSection4Test","verifier_04_03_03_idTokenInvalidIssuerSub"
"","23","Policy is accepted Business Partner Group","","Mon Oct 27 03:55:52 GMT 2025","passed","Mon Oct 27 03:55:52 GMT 2025","","org.eclipse.tractusx.edc.tests.policy.PolicyDefinitionEndToEndTest","org.eclipse.tractusx.edc.tests.policy.PolicyDefinitionEndToEndTest","shouldNotAcceptInvalidNamespacePolicyDefinitions"
"","1238","BusinessPartnerCreated event is published","","Mon Oct 27 03:55:33 GMT 2025","passed","Mon Oct 27 03:55:34 GMT 2025","","org.eclipse.tractusx.edc.tests.bpn.events.BusinessPartnerEventTest","org.eclipse.tractusx.edc.tests.bpn.events.BusinessPartnerEventTest","shouldPublishBusinessPartnerCreatedEvent"
"","34","Policy is accepted Affiliates BPNL","","Mon Oct 27 03:55:52 GMT 2025","passed","Mon Oct 27 03:55:52 GMT 2025","","org.eclipse.tractusx.edc.tests.policy.PolicyDefinitionEndToEndTest","org.eclipse.tractusx.edc.tests.policy.PolicyDefinitionEndToEndTest","shouldNotAcceptInvalidNamespacePolicyDefinitions"
"","37","4.3.3 Verify invalid access token - incorrect aud","","Mon Oct 27 03:55:14 GMT 2025","passed","Mon Oct 27 03:55:14 GMT 2025","","org.eclipse.dataspacetck.dcp.verification.presentation.verifier.PresentationFlowSection4Test","org.eclipse.dataspacetck.dcp.verification.presentation.verifier.PresentationFlowSection4Test","verifier_04_03_03_idTokenIncorrectAud"
"","5812","When multiple requests to refresh, to different edrs, verify all return non expired token","","Mon Oct 27 03:55:26 GMT 2025","passed","Mon Oct 27 03:55:32 GMT 2025","","org.eclipse.tractusx.edc.tests.edrv2.EdrCacheApiEndToEndTest","org.eclipse.tractusx.edc.tests.edrv2.EdrCacheApiEndToEndTest","getEdrWithRefresh_subsequentRequestReturn"
"","6801","transferData_withSuspendResume()","","Mon Oct 27 03:59:43 GMT 2025","passed","Mon Oct 27 03:59:49 GMT 2025","","org.eclipse.tractusx.edc.tests.transfer.TransferPullEndToEndTest.Dsp08to08","org.eclipse.tractusx.edc.tests.transfer.TransferPullEndToEndTest$Dsp08to08","transferData_withSuspendResume"
"","48","Policy is accepted ContractTermination","","Mon Oct 27 03:55:51 GMT 2025","passed","Mon Oct 27 03:55:51 GMT 2025","","org.eclipse.tractusx.edc.tests.policy.PolicyDefinitionEndToEndTest","org.eclipse.tractusx.edc.tests.policy.PolicyDefinitionEndToEndTest","shouldAcceptValidPolicyDefinitions"
"","7408","Verify all existing TPs related to an agreement are terminated upon its retirement","","Mon Oct 27 03:57:14 GMT 2025","passed","Mon Oct 27 03:57:22 GMT 2025","","org.eclipse.tractusx.edc.tests.transfer.RetireAgreementTest","org.eclipse.tractusx.edc.tests.transfer.RetireAgreementTest","retireAgreement_shouldCloseTransferProcesses"
"","50","Policy is accepted Exclusive Usage","","Mon Oct 27 03:55:51 GMT 2025","passed","Mon Oct 27 03:55:51 GMT 2025","","org.eclipse.tractusx.edc.tests.policy.PolicyDefinitionEndToEndTest","org.eclipse.tractusx.edc.tests.policy.PolicyDefinitionEndToEndTest","shouldAcceptValidPolicyDefinitions"
"","44","Provider gets 200 when asset selector has a valid criterion","","Mon Oct 27 03:56:08 GMT 2025","passed","Mon Oct 27 03:56:08 GMT 2025","","org.eclipse.tractusx.edc.tests.validators.EmptyAssetSelectorValidatorTest","org.eclipse.tractusx.edc.tests.validators.EmptyAssetSelectorValidatorTest","shouldPass_whenContractDefinitionHasCorrectAssetSelector"
"","7129","azureBlobPush_containerNotExist()","","Mon Oct 27 03:56:19 GMT 2025","passed","Mon Oct 27 03:56:26 GMT 2025","","org.eclipse.tractusx.edc.tests.transfer.AzureToAzureEndToEndTest","org.eclipse.tractusx.edc.tests.transfer.AzureToAzureEndToEndTest","azureBlobPush_containerNotExist"
"","97","5.1 Verifier should accept a valid PresentationResponseMessage","","Mon Oct 27 03:55:14 GMT 2025","passed","Mon Oct 27 03:55:15 GMT 2025","","org.eclipse.dataspacetck.dcp.verification.presentation.verifier.PresentationFlowSection5Test","org.eclipse.dataspacetck.dcp.verification.presentation.verifier.PresentationFlowSection5Test","verifier_05_01_presentationResponse_success"
"","38939","Catalog with 1000 offers","","Mon Oct 27 03:55:29 GMT 2025","passed","Mon Oct 27 03:56:08 GMT 2025","","org.eclipse.tractusx.edc.tests.catalog.CatalogTest","org.eclipse.tractusx.edc.tests.catalog.CatalogTest","requestCatalog_of1000Assets_shouldContainAll"
"","2038","transferFile_azureToS3(Vault)","","Mon Oct 27 03:56:17 GMT 2025","passed","Mon Oct 27 03:56:19 GMT 2025","","org.eclipse.tractusx.edc.dataplane.transfer.test.MultiCloudTest","org.eclipse.tractusx.edc.dataplane.transfer.test.MultiCloudTest","transferFile_azureToS3"
"","25","Policy is accepted Data Usage End Date","","Mon Oct 27 03:55:52 GMT 2025","passed","Mon Oct 27 03:55:52 GMT 2025","","org.eclipse.tractusx.edc.tests.policy.PolicyDefinitionEndToEndTest","org.eclipse.tractusx.edc.tests.policy.PolicyDefinitionEndToEndTest","shouldNotAcceptInvalidNamespacePolicyDefinitions"
"","54","Policy is accepted Affiliates BPNL","","Mon Oct 27 03:55:50 GMT 2025","passed","Mon Oct 27 03:55:50 GMT 2025","","org.eclipse.tractusx.edc.tests.policy.PolicyDefinitionEndToEndTest","org.eclipse.tractusx.edc.tests.policy.PolicyDefinitionEndToEndTest","shouldAcceptValidPolicyDefinitions"
"","154","Verify the refresh endpoint is not called when token not yet expired","","Mon Oct 27 03:55:25 GMT 2025","passed","Mon Oct 27 03:55:25 GMT 2025","","org.eclipse.tractusx.edc.tests.edrv2.EdrCacheApiEndToEndTest","org.eclipse.tractusx.edc.tests.edrv2.EdrCacheApiEndToEndTest","getEdrWithRefresh_notExpired_shouldNotCallEndpoint"
"","5132","transferData_withSuspendResume()","","Mon Oct 27 03:58:29 GMT 2025","passed","Mon Oct 27 03:58:35 GMT 2025","","org.eclipse.tractusx.edc.tests.transfer.TransferPullEndToEndTest.Dsp2025to2025","org.eclipse.tractusx.edc.tests.transfer.TransferPullEndToEndTest$Dsp2025to2025","transferData_withSuspendResume"
"","143","triggerDataTransfer_shouldFail_whenDataFlowDoesNotExist()","","Mon Oct 27 03:56:51 GMT 2025","passed","Mon Oct 27 03:56:51 GMT 2025","","org.eclipse.tractusx.edc.tests.transfer.DataFlowApiEndToEndTest","org.eclipse.tractusx.edc.tests.transfer.DataFlowApiEndToEndTest","triggerDataTransfer_shouldFail_whenDataFlowDoesNotExist"
"","51","Policy is accepted Data Usage End Duration Days","","Mon Oct 27 03:55:50 GMT 2025","passed","Mon Oct 27 03:55:50 GMT 2025","","org.eclipse.tractusx.edc.tests.policy.PolicyDefinitionEndToEndTest","org.eclipse.tractusx.edc.tests.policy.PolicyDefinitionEndToEndTest","shouldAcceptValidPolicyDefinitions"
"","2461","Consumer gets cached catalog with provider entry","","Mon Oct 27 03:56:29 GMT 2025","passed","Mon Oct 27 03:56:31 GMT 2025","","org.eclipse.tractusx.edc.tests.catalog.FederatedCatalogTest","org.eclipse.tractusx.edc.tests.catalog.FederatedCatalogTest","requestCatalog_fulfillsPolicy_shouldReturnOffer"
"","27","Policy is not accepted Access Policy with prohibition rule","","Mon Oct 27 03:55:51 GMT 2025","passed","Mon Oct 27 03:55:51 GMT 2025","","org.eclipse.tractusx.edc.tests.policy.PolicyDefinitionEndToEndTest","org.eclipse.tractusx.edc.tests.policy.PolicyDefinitionEndToEndTest","shouldNotAcceptInvalidPolicyDefinitions"
"","766","4.3.3 Verify invalid access token - nbf in future","","Mon Oct 27 03:55:12 GMT 2025","passed","Mon Oct 27 03:55:13 GMT 2025","","org.eclipse.dataspacetck.dcp.verification.presentation.verifier.PresentationFlowSection4Test","org.eclipse.dataspacetck.dcp.verification.presentation.verifier.PresentationFlowSection4Test","verifier_04_03_03_idTokenNbfInFuture"
"","3432","transferData_failing_withProxyOriginalResponse()","","Mon Oct 27 03:58:05 GMT 2025","passed","Mon Oct 27 03:58:09 GMT 2025","","org.eclipse.tractusx.edc.tests.transfer.TransferPullEndToEndTest.Dsp2025to2025","org.eclipse.tractusx.edc.tests.transfer.TransferPullEndToEndTest$Dsp2025to2025","transferData_failing_withProxyOriginalResponse"
"","17","Verifier should reject an auth token without the Bearer prefix","","Mon Oct 27 03:55:13 GMT 2025","passed","Mon Oct 27 03:55:13 GMT 2025","","org.eclipse.dataspacetck.dcp.verification.presentation.verifier.PresentationFlowSection4Test","org.eclipse.dataspacetck.dcp.verification.presentation.verifier.PresentationFlowSection4Test","presentationResponse_rejectMissingBearerPrefix"
"","2043","transferFile_s3ToAzureMultipleFiles(Vault)","","Mon Oct 27 03:56:19 GMT 2025","passed","Mon Oct 27 03:56:21 GMT 2025","","org.eclipse.tractusx.edc.dataplane.transfer.test.MultiCloudTest","org.eclipse.tractusx.edc.dataplane.transfer.test.MultiCloudTest","transferFile_s3ToAzureMultipleFiles"
"","567","refreshEdr_whenNotAuthorized()","","Mon Oct 27 03:55:32 GMT 2025","passed","Mon Oct 27 03:55:32 GMT 2025","","org.eclipse.tractusx.edc.tests.edrv2.EdrCacheApiEndToEndTest","org.eclipse.tractusx.edc.tests.edrv2.EdrCacheApiEndToEndTest","refreshEdr_whenNotAuthorized"
"","25","Policy is not accepted Policy with different actions types","","Mon Oct 27 03:55:51 GMT 2025","passed","Mon Oct 27 03:55:51 GMT 2025","","org.eclipse.tractusx.edc.tests.policy.PolicyDefinitionEndToEndTest","org.eclipse.tractusx.edc.tests.policy.PolicyDefinitionEndToEndTest","shouldNotAcceptInvalidPolicyDefinitions"
"","2037","transferMultipleFiles()","","Mon Oct 27 03:56:42 GMT 2025","passed","Mon Oct 27 03:56:44 GMT 2025","","org.eclipse.tractusx.edc.dataplane.transfer.test.S3ToS3Test","org.eclipse.tractusx.edc.dataplane.transfer.test.S3ToS3Test","transferMultipleFiles"
"","49","Policy is accepted Warranty","","Mon Oct 27 03:55:50 GMT 2025","passed","Mon Oct 27 03:55:50 GMT 2025","","org.eclipse.tractusx.edc.tests.policy.PolicyDefinitionEndToEndTest","org.eclipse.tractusx.edc.tests.policy.PolicyDefinitionEndToEndTest","shouldAcceptValidPolicyDefinitions"
"","2912","Contract policy is fulfilled DataExchangeGovernance use case","","Mon Oct 27 03:57:45 GMT 2025","passed","Mon Oct 27 03:57:48 GMT 2025","","org.eclipse.tractusx.edc.tests.transfer.StsConsumerPullTest","org.eclipse.tractusx.edc.tests.transfer.StsConsumerPullTest","transferData_whenContractPolicyFulfilled"
"","2240","Verify the refresh endpoint is not called when auto_refresh=false","","Mon Oct 27 03:55:22 GMT 2025","passed","Mon Oct 27 03:55:24 GMT 2025","","org.eclipse.tractusx.edc.tests.edrv2.EdrCacheApiEndToEndTest","org.eclipse.tractusx.edc.tests.edrv2.EdrCacheApiEndToEndTest","getEdrWithRefresh_whenNotAutorefresh_shouldNotCallEndpoint"
"","55","Policy is accepted Precedence","","Mon Oct 27 03:55:50 GMT 2025","passed","Mon Oct 27 03:55:50 GMT 2025","","org.eclipse.tractusx.edc.tests.policy.PolicyDefinitionEndToEndTest","org.eclipse.tractusx.edc.tests.policy.PolicyDefinitionEndToEndTest","shouldAcceptValidPolicyDefinitions"
"","40","Policy is accepted Affiliates Region","","Mon Oct 27 03:55:51 GMT 2025","passed","Mon Oct 27 03:55:51 GMT 2025","","org.eclipse.tractusx.edc.tests.policy.PolicyDefinitionEndToEndTest","org.eclipse.tractusx.edc.tests.policy.PolicyDefinitionEndToEndTest","shouldNotAcceptInvalidNamespacePolicyDefinitions"
"","3053","Contract policy is fulfilled DataExchangeGovernance use case","","Mon Oct 27 03:57:01 GMT 2025","passed","Mon Oct 27 03:57:04 GMT 2025","","org.eclipse.tractusx.edc.tests.transfer.DimConsumerPullTest","org.eclipse.tractusx.edc.tests.transfer.DimConsumerPullTest","transferData_whenContractPolicyFulfilled"
"","30","Policy is not accepted Policy with mutually exclusive constraints","","Mon Oct 27 03:55:51 GMT 2025","passed","Mon Oct 27 03:55:51 GMT 2025","","org.eclipse.tractusx.edc.tests.policy.PolicyDefinitionEndToEndTest","org.eclipse.tractusx.edc.tests.policy.PolicyDefinitionEndToEndTest","shouldNotAcceptInvalidPolicyDefinitions"
"","36","Policy is accepted Data Frequency","","Mon Oct 27 03:55:52 GMT 2025","passed","Mon Oct 27 03:55:52 GMT 2025","","org.eclipse.tractusx.edc.tests.policy.PolicyDefinitionEndToEndTest","org.eclipse.tractusx.edc.tests.policy.PolicyDefinitionEndToEndTest","shouldNotAcceptInvalidNamespacePolicyDefinitions"
"","1339","The sign key of the authentication token is different from the public key from the DID","","Mon Oct 27 03:55:15 GMT 2025","passed","Mon Oct 27 03:55:17 GMT 2025","","org.eclipse.tractusx.edc.dataplane.tokenrefresh.e2e.DataPlaneTokenRefreshEndToEndTest","org.eclipse.tractusx.edc.dataplane.tokenrefresh.e2e.DataPlaneTokenRefreshEndToEndTest","refresh_spoofedAuthToken"
